ID,shooter_jersey,goalie_jersey,on_goal,on_keeper,goal,practice_ID,blocked
36,15,25,1,1,1,2,0
37,18,25,0,1,0,2,0
38,15,25,1,0,0,2,0
39,15,25,0,0,0,2,0
40,15,25,1,1,1,2,0
41,25,44,1,1,1,4,0
42,14,44,0,0,0,4,0
43,38,44,0,0,0,4,0
45,3,40,0,0,0,5,0
47,17,31,0,0,0,5,0
48,32,31,0,0,0,5,0
49,24,31,0,0,0,5,0
50,0,31,1,1,1,5,0
51,15,31,0,0,0,5,0
52,9,31,1,1,1,5,0
53,6,44,0,0,0,5,0
54,20,44,0,1,0,5,0
55,12,31,0,1,0,5,0
56,0,31,1,1,1,5,0
57,32,31,0,1,0,5,0
58,15,31,0,1,0,5,0
59,15,31,1,1,1,5,0
60,15,31,1,1,1,6,0
61,23,31,0,1,0,6,0
62,12,44,0,0,0,6,0
63,28,40,1,1,1,6,0
64,10,40,0,0,0,6,0
65,38,40,0,0,0,6,0
66,0,40,1,1,1,6,0
67,32,44,0,0,0,6,0
68,14,31,0,0,0,6,0
69,9,31,0,1,0,6,0
70,1,44,0,0,0,6,0
71,15,31,0,1,0,6,0
72,29,44,1,1,1,6,0
73,11,40,0,1,0,6,0
74,15,31,0,1,0,6,0
75,11,40,0,0,0,6,0
76,32,40,0,0,0,6,0
77,48,31,0,1,0,6,0
78,24,31,0,0,0,6,0
79,15,31,0,0,0,6,0
80,15,31,0,0,0,6,0
81,32,40,1,1,1,6,0
82,6,40,0,0,0,6,0
83,10,40,0,0,0,6,0
84,11,44,0,0,0,6,0
85,12,44,0,0,0,6,0
86,2,44,0,0,0,7,0
87,23,44,0,1,0,7,0
88,9,44,0,1,0,7,0
89,14,44,0,0,0,7,0
90,9,40,0,0,0,7,0
91,9,40,1,1,1,7,0
92,15,40,1,1,1,7,0
93,32,40,0,0,0,7,0
94,20,44,0,1,0,7,0
95,15,40,0,1,0,7,0
96,4,40,0,0,0,7,0
97,20,44,1,1,1,7,0
98,29,44,1,0,0,7,0
99,20,44,0,1,0,7,0
100,26,44,0,0,0,7,0
101,2,44,0,0,0,7,0
102,2,44,0,0,0,7,0
103,14,44,0,0,0,7,0
104,6,44,0,1,0,7,0
105,32,31,0,1,0,7,0
106,25,31,0,0,0,7,0
107,48,31,1,1,1,7,0
239,20,8,0,1,0,22,0
240,26,44,0,0,0,22,0
241,29,44,0,1,0,23,0
242,29,44,0,1,0,24,0
243,26,8,0,0,0,24,0
244,32,8,0,1,0,24,0
245,15,8,1,1,1,24,0
246,52,55,0,0,0,24,0
247,25,55,0,0,0,24,0
248,48,44,1,1,1,24,0
249,0,44,0,0,0,24,0
250,13,31,0,1,0,24,0
251,0,8,0,0,0,24,0
252,11,8,0,1,0,24,0
253,25,55,1,1,1,24,0
254,37,55,0,1,0,24,0
256,48,44,0,1,0,24,0
257,15,44,0,1,0,24,0
258,48,44,0,0,0,24,0
259,37,31,1,1,1,24,0
261,15,8,1,1,1,24,0
262,15,8,1,1,1,24,0
263,52,55,0,0,0,24,0
264,20,44,0,0,0,24,0
265,9,44,0,1,0,24,0
266,0,8,0,1,0,24,0
267,9,44,0,1,0,24,0
268,32,31,0,1,0,24,0
269,48,8,0,1,0,24,0
270,35,55,0,1,0,24,0
271,25,55,0,1,0,24,0
272,29,44,0,1,0,24,0
273,48,44,1,1,1,24,0
274,35,31,0,1,0,24,0
275,0,8,0,0,0,24,0
276,9,55,0,0,0,24,0
277,16,55,0,0,0,24,0
278,38,31,1,1,1,24,0
279,48,31,0,1,0,24,0
280,32,44,0,1,0,24,0
281,48,55,1,1,1,24,0
282,32,55,0,0,0,24,0
283,0,31,0,1,0,24,0
284,25,8,1,1,1,24,0
285,15,55,0,1,0,24,0
286,29,55,0,0,0,24,0
287,25,44,1,1,1,24,0
289,35,44,0,1,0,24,0
290,32,31,0,1,0,24,0
291,15,8,0,0,0,24,0
292,15,8,0,1,0,24,0
293,32,44,0,0,0,24,0
294,0,8,0,0,0,26,0
295,15,8,0,1,0,26,0
296,0,44,0,0,0,26,0
297,37,55,0,0,0,26,0
298,25,55,1,1,1,26,0
299,37,55,0,0,0,26,0
300,25,55,0,1,0,26,0
301,26,55,0,1,0,26,0
302,26,55,1,0,0,26,0
303,26,55,0,1,0,26,0
304,26,55,1,1,1,26,0
305,37,55,0,0,0,26,0
306,25,55,1,1,1,26,0
307,37,55,1,1,1,26,0
308,26,55,1,1,1,26,0
309,26,55,0,1,0,26,0
310,13,55,1,1,1,26,0
311,25,55,1,1,1,26,0
312,13,55,0,1,0,26,0
313,37,55,0,0,0,26,0
314,37,55,1,0,0,26,0
315,15,8,0,1,0,26,0
316,48,8,0,1,0,26,0
317,15,44,0,1,0,26,0
318,20,44,0,1,0,26,0
319,20,44,1,1,1,26,0
320,20,8,0,0,0,26,0
321,29,44,0,1,0,26,0
322,29,44,1,1,1,26,0
323,0,44,1,0,0,26,0
324,20,8,0,0,0,26,0
325,26,44,0,0,0,26,0
326,52,44,0,1,0,26,0
327,26,44,0,0,0,26,0
328,10,44,0,0,0,26,0
329,26,44,0,0,0,26,0
330,48,8,1,1,1,26,0
331,29,8,0,1,0,26,0
332,20,55,0,0,0,26,0
333,37,55,1,0,0,26,0
334,29,8,1,1,1,26,0
335,1,8,0,0,0,26,0
336,13,55,0,0,0,26,0
337,29,8,0,0,0,26,0
338,20,8,1,1,1,26,0
339,26,55,0,0,0,26,0
340,10,55,0,0,0,26,0
341,26,55,0,0,0,26,0
342,26,55,1,1,1,26,0
343,48,44,1,1,1,26,0
344,20,44,1,1,1,26,0
345,25,8,1,1,1,27,0
346,14,8,1,1,1,27,0
347,52,8,1,1,1,27,0
348,10,55,0,0,0,27,0
349,25,55,0,0,0,27,0
350,15,55,1,1,1,27,0
351,48,55,1,1,1,27,0
353,48,49,1,0,0,27,0
354,29,49,1,1,1,27,0
355,15,49,1,1,1,27,0
356,29,49,1,1,1,27,0
357,48,49,1,1,1,27,0
358,48,49,1,1,1,27,0
359,26,49,1,1,1,27,0
360,32,49,0,0,0,27,0
361,48,55,0,1,0,27,0
362,29,55,1,1,1,27,0
363,29,55,0,0,0,27,0
364,15,55,0,1,0,27,0
365,10,55,0,1,0,27,0
366,9,8,0,1,0,27,0
367,23,NULL,1,1,1,31,0
368,15,NULL,1,1,1,31,0
369,10,NULL,1,0,0,31,0
370,9,NULL,1,1,1,31,0
371,23,NULL,1,1,1,31,0
372,48,NULL,1,1,1,31,0
373,9,NULL,0,0,0,31,0
374,9,NULL,1,1,1,31,0
375,39,NULL,1,1,1,31,0
376,32,NULL,1,1,1,31,0
377,20,NULL,1,1,1,31,0
378,48,NULL,1,1,1,31,0
379,20,NULL,1,1,1,31,0
380,15,NULL,0,0,0,31,1
381,20,NULL,0,1,0,31,0
382,20,NULL,1,1,1,31,0
383,32,NULL,0,1,0,31,0
384,9,NULL,0,0,0,31,0
385,9,NULL,0,1,0,31,0
386,3,NULL,1,1,1,31,0
387,1,NULL,1,1,1,31,0
388,32,NULL,1,0,0,31,0
389,23,NULL,1,0,0,31,0
390,48,NULL,1,1,1,31,0
391,1,NULL,0,1,0,31,0
392,9,NULL,1,0,0,31,0
393,20,NULL,0,0,0,31,1
394,15,NULL,0,1,0,31,0
395,14,NULL,0,0,0,31,0
396,26,NULL,0,1,0,31,0
397,35,NULL,0,0,0,31,0
398,52,NULL,1,1,1,31,0
399,14,NULL,0,0,0,31,1
400,25,NULL,1,1,1,31,0
401,39,NULL,0,0,0,31,0
402,39,NULL,0,1,0,31,0
403,35,NULL,1,1,1,31,0
404,25,49,0,0,0,37,0
405,52,49,0,1,0,37,0
406,23,8,0,0,0,37,0
407,52,31,0,1,0,37,0
408,15,55,0,1,0,37,0
409,23,55,0,0,0,37,0
410,32,49,0,0,0,37,1
411,25,49,1,1,1,37,0
412,20,8,0,1,0,37,0
413,15,8,1,1,1,37,0
414,52,31,0,1,0,37,0
415,14,31,0,0,0,37,0
416,32,31,1,1,1,37,0
417,20,55,0,1,0,37,0
418,29,55,0,1,0,37,0
419,14,31,1,1,1,37,0
420,15,55,0,1,0,37,0
421,52,49,0,0,0,37,0
422,52,49,1,1,1,37,0
423,29,8,1,1,1,37,0
424,14,31,0,0,0,37,0
425,23,55,0,0,0,37,0
426,14,49,0,1,0,37,0
427,15,8,1,1,1,37,0
428,32,31,0,1,0,37,0
429,32,31,0,1,0,37,0
430,15,55,1,1,1,37,0
431,32,49,1,1,1,37,0
432,32,49,0,1,0,37,0
433,20,8,0,1,0,37,0
434,32,8,1,1,1,38,0
435,25,49,0,1,0,38,0
436,19,49,1,1,1,38,0
437,18,49,1,1,1,38,0
438,52,49,0,0,0,38,0
439,29,55,0,1,0,38,0
440,19,31,1,1,1,38,0
441,29,8,0,1,0,38,0
442,23,8,1,1,1,38,0
443,9,8,0,1,0,38,0
444,52,49,0,0,0,38,0
445,52,49,0,1,0,38,0
446,10,55,0,0,0,38,0
447,32,55,1,1,1,38,0
448,10,55,0,0,0,38,0
449,10,31,1,1,1,38,0
450,4,49,1,1,1,38,0
451,28,31,0,1,0,38,0
452,18,31,0,1,0,38,0
453,20,49,1,1,1,38,0
454,23,55,1,1,1,38,0
455,15,55,0,0,0,38,0
456,20,55,1,1,1,38,0
457,15,8,0,0,0,38,0
458,9,8,0,0,0,39,0
459,15,8,0,1,0,39,0
460,29,8,0,1,0,39,0
461,15,8,1,1,1,39,0
462,52,55,0,0,0,39,0
463,19,55,0,1,0,39,0
464,22,49,1,1,1,39,0
465,15,49,1,1,1,39,0
466,9,49,1,1,1,39,0
467,15,49,0,1,0,39,0
468,52,31,0,0,0,39,0
469,23,31,0,0,0,39,0
470,19,31,0,1,0,39,0
471,52,31,0,1,0,39,0
472,15,8,0,1,0,39,0
473,0,8,0,1,0,39,0
474,23,8,1,1,1,39,0
475,9,8,1,1,1,39,0
476,20,8,0,0,0,39,0
477,25,55,0,0,0,39,1
478,48,55,0,1,0,39,0
479,19,49,1,1,1,39,0
480,10,31,0,0,0,39,0
481,9,31,1,1,1,39,0
482,10,8,0,0,0,39,0
483,23,8,1,1,1,39,0
484,23,8,0,0,0,39,0
485,0,8,0,0,0,39,0
486,48,55,0,0,0,39,1
487,19,55,0,0,0,39,0
488,29,49,0,0,0,39,0
489,10,49,0,1,0,39,0
490,19,31,1,1,1,39,0
491,25,31,0,0,0,39,0
492,52,31,0,0,0,39,0
493,32,8,0,0,0,39,0
494,29,8,0,1,0,39,0
495,32,8,1,1,1,39,0
496,29,49,1,1,1,39,0
497,20,49,0,0,0,39,0
498,23,49,1,1,1,39,0
499,15,31,1,1,1,39,0
2109,54,44,0,1,0,41,0
2110,24,31,1,1,1,41,0
2111,20,49,1,1,1,41,0
2112,2,49,1,1,1,41,0
2113,25,49,1,1,1,41,0
2114,23,8,1,1,1,41,0
2115,20,44,1,1,1,41,0
2116,23,44,0,0,0,41,0
2117,9,49,0,1,0,41,0
2118,23,49,1,1,1,41,0
2119,20,49,0,1,0,41,0
2120,42,44,1,1,1,41,0
2121,11,55,0,1,0,41,0
2122,52,55,0,1,0,41,0
2123,32,49,0,0,0,41,0
2124,26,8,0,1,0,41,0
2125,9,8,0,0,0,41,0
2126,23,8,0,0,0,41,0
2128,48,44,1,1,1,41,0
2129,48,44,0,0,0,41,0
2130,48,44,0,1,0,41,0
2131,15,44,1,1,1,41,0
2132,23,49,1,1,1,41,0
2133,20,8,0,0,0,41,0
2134,15,31,0,1,0,41,0
2135,24,31,1,1,1,41,0
2136,25,55,0,1,0,41,0
2137,25,55,0,1,0,41,0
2138,11,31,1,1,1,41,0
2139,11,55,0,1,0,41,0
2140,35,55,0,1,0,41,0
2141,24,55,0,0,0,41,0
2142,9,8,0,0,0,41,0
2143,35,31,1,1,1,41,0
2144,18,31,0,1,0,41,0
2145,52,31,0,0,0,41,0
2146,18,31,0,0,0,41,0
2147,52,31,0,0,0,41,0
2148,25,44,0,1,0,41,0
2149,19,55,0,1,0,41,0
533,48,55,0,1,0,43,0
555,9,55,0,0,0,43,0
556,23,55,0,1,0,43,0
557,20,49,0,1,0,43,0
558,9,49,1,1,1,43,0
559,29,49,0,1,0,43,0
560,20,49,0,0,0,43,0
561,0,49,1,1,1,43,0
562,48,49,1,1,1,43,0
563,25,55,0,0,0,43,0
564,9,55,1,1,1,43,0
565,23,55,0,0,0,43,0
566,52,31,1,1,1,43,0
567,26,31,0,1,0,43,0
568,48,49,1,1,1,43,0
569,52,55,0,0,0,43,1
570,15,49,0,1,0,43,0
571,9,49,1,1,1,43,0
572,10,8,0,0,0,43,0
573,19,55,1,1,1,43,0
574,23,8,0,1,0,43,0
575,19,49,1,1,1,43,0
576,9,31,1,0,0,43,0
577,39,55,1,1,1,43,0
578,20,31,1,1,1,43,0
595,11,8,0,0,0,44,0
596,35,8,0,1,0,44,0
597,22,55,1,1,1,44,0
598,29,55,0,0,0,44,0
599,20,55,1,1,1,44,0
600,15,55,0,0,0,44,0
601,56,31,0,0,0,44,0
602,19,31,0,1,0,44,0
603,9,49,0,0,0,44,1
604,48,49,0,1,0,44,0
605,10,49,0,0,0,44,0
606,48,49,0,0,0,44,0
607,20,49,1,1,1,44,0
608,52,8,0,0,0,44,0
609,18,8,0,0,0,44,0
610,11,8,1,1,1,44,0
611,18,8,1,0,0,44,0
612,0,55,0,1,0,44,0
613,23,55,1,1,1,44,0
614,20,55,1,1,1,44,0
615,9,55,0,1,0,44,0
616,29,55,0,1,0,44,0
617,9,55,0,1,0,44,0
618,15,55,0,1,0,44,0
619,18,31,0,0,0,44,0
620,39,8,0,0,0,44,0
621,9,8,0,0,0,44,0
622,9,8,0,1,0,44,0
623,35,31,1,1,1,44,0
624,48,31,0,0,0,44,0
625,0,8,0,1,0,44,0
626,10,8,0,0,0,44,1
627,3,31,0,1,0,44,0
628,32,31,1,1,1,44,0
629,52,49,1,1,1,44,0
630,52,49,0,1,0,44,0
631,20,31,0,1,0,44,0
632,9,31,0,1,0,44,0
633,18,49,0,0,0,44,0
634,11,49,0,0,0,44,0
635,15,8,0,1,0,44,0
636,48,8,0,0,0,44,0
637,11,49,0,1,0,44,0
638,26,49,1,1,1,44,0
639,20,49,0,0,0,44,0
640,4,49,1,1,1,44,0
641,15,49,0,1,0,44,0
642,26,8,0,0,0,44,0
643,17,49,0,0,0,44,0
644,48,49,1,1,1,44,0
645,26,8,0,1,0,44,0
646,10,49,0,0,0,44,0
647,11,8,0,1,0,44,0
648,11,31,1,1,1,44,0
649,48,49,1,1,1,44,0
650,9,8,0,0,0,45,0
651,20,8,0,1,0,45,0
652,23,8,1,1,1,45,0
653,20,8,0,1,0,45,0
654,0,8,1,1,1,45,0
655,29,31,1,1,1,45,0
656,48,31,1,0,0,45,0
657,23,31,1,1,1,45,0
659,0,8,1,1,1,45,0
660,20,8,1,1,1,45,0
661,29,8,0,1,0,45,0
662,48,8,1,1,1,45,0
663,25,49,0,1,0,45,0
664,48,31,1,1,1,45,0
665,20,55,0,0,0,45,0
666,23,49,1,1,1,45,0
667,18,31,0,0,0,45,0
668,15,8,1,1,1,45,0
669,26,55,1,1,1,45,0
670,11,49,1,1,1,45,0
671,9,31,0,0,0,45,0
672,9,31,0,0,0,45,0
673,26,55,0,0,0,45,0
674,11,55,0,1,0,45,0
675,0,49,0,0,0,45,0
676,9,55,0,1,0,45,0
677,17,55,0,0,0,45,0
678,20,55,1,1,1,45,0
679,20,55,1,1,1,45,0
680,16,55,0,0,0,45,0
681,23,55,1,1,1,45,0
682,1,55,0,0,0,45,0
683,5,31,0,1,0,45,0
684,56,8,0,0,0,45,0
685,20,8,1,1,1,45,0
686,25,55,0,0,0,45,0
687,48,31,1,1,1,45,0
688,26,55,0,0,0,45,0
689,18,55,0,1,0,45,0
690,25,55,1,1,1,45,0
691,11,49,0,0,0,45,0
692,18,49,0,0,0,45,1
693,11,49,0,1,0,45,0
694,25,49,1,1,1,45,0
695,26,55,1,1,1,45,0
696,18,55,1,1,1,45,0
697,25,49,1,1,1,45,0
698,26,55,0,1,0,45,0
699,15,49,0,0,0,45,0
700,18,49,0,0,0,45,0
701,52,49,1,1,1,45,0
769,26,8,1,1,1,46,0
770,25,8,0,0,0,46,0
772,25,31,1,1,1,46,0
773,52,31,0,1,0,46,0
774,26,8,0,0,0,46,0
776,25,31,0,1,0,46,0
777,19,8,1,1,1,46,0
778,32,8,1,1,1,46,0
779,18,8,0,0,0,46,0
780,18,8,0,1,0,46,0
781,29,55,0,0,0,46,0
782,0,55,0,1,0,46,0
783,9,55,1,1,1,46,0
784,29,55,0,0,0,46,0
785,15,49,0,1,0,46,0
786,0,49,0,0,0,46,0
787,48,49,1,1,1,46,0
788,15,49,1,0,0,46,0
789,15,55,1,1,1,46,0
790,20,55,0,1,0,46,0
791,29,55,1,1,1,46,0
792,29,49,0,1,0,46,0
794,20,NULL,1,1,1,47,0
796,20,NULL,1,1,1,47,0
799,23,NULL,0,1,0,47,0
801,10,NULL,1,0,0,47,0
802,23,NULL,0,0,0,47,0
804,9,NULL,0,0,0,47,1
805,17,NULL,0,0,0,47,0
808,48,NULL,0,0,0,47,0
809,48,NULL,0,1,0,47,0
810,0,NULL,1,1,1,47,0
811,15,NULL,0,0,0,47,1
812,16,NULL,0,0,0,47,0
815,11,NULL,0,0,0,47,0
817,22,NULL,0,0,0,47,0
820,48,NULL,0,0,0,47,0
822,23,NULL,0,1,0,47,0
823,32,NULL,1,1,1,47,0
825,20,NULL,1,1,1,47,0
826,29,NULL,1,1,1,47,0
828,20,NULL,1,1,1,47,0
830,0,NULL,1,1,1,47,0
832,48,NULL,1,1,1,47,0
833,48,NULL,1,1,1,47,0
834,9,NULL,0,0,0,47,0
835,0,NULL,0,1,0,47,0
836,48,NULL,0,1,0,47,0
837,25,NULL,1,1,1,47,0
838,19,NULL,0,1,0,47,0
839,18,NULL,0,0,0,47,0
840,11,NULL,0,0,0,47,0
841,18,NULL,1,0,0,47,0
842,25,NULL,0,0,0,47,0
843,26,NULL,1,1,1,47,0
844,26,NULL,1,1,1,47,0
845,52,NULL,1,1,1,47,0
927,54,8,0,0,0,48,0
928,9,8,0,0,0,48,0
929,25,8,0,1,0,48,0
930,28,55,0,1,0,48,0
931,0,55,1,1,1,48,0
932,20,49,1,1,1,48,0
933,11,55,1,1,1,48,0
934,19,8,1,1,1,48,0
935,39,55,1,1,1,48,0
936,26,31,0,0,0,48,0
937,18,49,0,0,0,48,0
938,0,8,1,1,1,48,0
939,29,8,1,1,1,48,0
940,9,31,0,0,0,48,0
941,52,55,0,1,0,48,0
942,33,55,0,1,0,48,0
943,15,49,0,0,0,48,0
944,0,49,1,1,1,48,0
945,23,55,1,1,1,48,0
946,20,31,0,0,0,48,0
947,9,55,0,1,0,48,0
948,0,49,0,0,0,48,0
949,20,8,1,1,1,48,0
950,9,49,1,1,1,48,0
951,9,49,1,1,1,48,0
952,29,55,1,1,1,49,0
953,23,55,0,1,0,49,0
954,15,55,1,1,1,49,0
955,0,55,1,1,1,49,0
956,9,55,0,1,0,49,0
957,20,49,1,1,1,49,0
958,20,49,1,1,1,49,0
959,23,49,0,0,0,49,0
960,23,49,0,0,0,49,0
961,52,55,1,1,1,49,0
962,22,55,1,1,1,49,0
963,20,49,1,1,1,49,0
964,25,8,1,1,1,49,0
965,9,49,0,1,0,49,0
966,0,55,0,0,0,49,1
967,11,31,1,1,1,49,0
968,11,31,0,0,0,49,0
969,11,31,0,0,0,49,0
970,11,31,0,0,0,49,1
971,19,8,0,1,0,49,0
972,19,8,1,1,1,49,0
973,32,55,0,1,0,49,0
974,52,8,0,1,0,50,0
975,26,8,1,1,1,50,0
976,0,49,1,1,1,50,0
977,48,55,0,0,0,50,0
978,26,8,0,0,0,50,0
979,19,31,0,0,0,50,0
980,39,8,0,0,0,50,0
981,23,8,0,1,0,50,0
982,25,8,0,0,0,50,0
983,26,8,1,0,0,50,0
984,25,31,1,1,1,50,0
985,19,31,0,0,0,50,0
986,18,31,0,0,0,50,0
987,25,8,0,1,0,50,0
988,0,55,0,1,0,50,0
989,19,31,1,0,0,50,0
990,25,31,1,1,1,50,0
991,25,31,0,0,0,50,1
992,0,55,0,0,0,50,0
993,15,49,0,1,0,50,0
994,14,8,0,1,0,50,0
995,48,55,0,0,0,50,0
996,19,55,0,1,0,50,0
997,52,31,0,0,0,50,1
998,20,49,0,1,0,50,0
999,19,8,0,0,0,50,0
1000,26,8,0,0,0,50,0
1001,10,55,0,0,0,50,0
1002,23,55,0,0,0,50,0
1003,20,55,0,1,0,50,0
1004,26,31,0,0,0,50,0
1201,0,NULL,0,1,0,51,0
1202,23,NULL,0,1,0,51,0
1203,9,NULL,0,1,0,51,0
1204,20,NULL,1,1,1,51,0
1205,9,NULL,1,1,1,51,0
1206,9,NULL,0,1,0,51,0
1207,32,NULL,0,0,0,51,0
1208,32,NULL,0,1,0,51,0
1209,15,NULL,1,1,1,51,0
1210,32,NULL,0,0,0,51,0
1211,20,NULL,1,1,1,51,0
1212,9,NULL,0,1,0,51,0
1213,23,NULL,1,1,1,51,0
1214,9,NULL,0,0,0,51,0
1215,9,NULL,0,0,0,51,0
1216,9,NULL,0,1,0,51,0
1217,23,NULL,1,1,1,51,0
1218,0,NULL,0,1,0,51,0
1219,0,NULL,1,1,1,51,0
1220,32,NULL,0,1,0,51,0
1221,10,NULL,0,1,0,51,0
1222,48,NULL,1,1,1,51,0
1223,48,NULL,1,0,0,51,0
1224,20,NULL,0,0,0,51,0
1853,20,NULL,1,1,1,52,0
1854,4,NULL,1,1,1,52,0
1855,20,NULL,0,0,0,52,0
1856,20,NULL,0,1,0,52,0
1857,23,NULL,0,1,0,52,0
1858,20,NULL,0,1,0,52,0
1859,25,NULL,1,0,0,52,0
1860,9,NULL,1,0,0,52,0
1861,32,NULL,0,0,0,52,0
1862,26,NULL,1,0,0,52,0
1863,26,NULL,1,1,1,52,0
1864,17,NULL,1,0,0,52,0
1865,25,NULL,1,1,1,52,0
1866,9,NULL,1,1,1,52,0
1867,32,NULL,0,0,0,52,0
1868,9,NULL,0,0,0,52,0
1869,20,NULL,1,1,1,52,0
1870,25,NULL,0,1,0,52,0
1871,23,NULL,0,0,0,52,0
1872,20,NULL,0,0,0,52,0
1873,20,NULL,1,1,1,52,0
1874,20,NULL,0,0,0,52,0
1875,9,NULL,0,0,0,52,0
1876,32,NULL,0,1,0,52,0
1877,20,NULL,1,1,1,52,0
1878,9,NULL,0,0,0,52,0
1879,9,NULL,0,0,0,52,0
1880,9,NULL,0,1,0,52,0
1881,48,NULL,0,1,0,52,0
1882,28,NULL,0,0,0,52,0
1883,9,NULL,1,1,1,52,0
1884,32,NULL,1,1,1,52,0
1885,23,NULL,1,1,1,52,0
1886,25,NULL,0,1,0,52,0
1887,25,NULL,1,1,1,52,0
1888,23,NULL,1,0,0,52,0
1889,23,NULL,0,0,0,52,0
1890,20,NULL,0,0,0,52,1
1891,48,NULL,0,0,0,52,0
1892,26,NULL,0,1,0,52,0
1893,9,NULL,0,0,0,52,0
1894,20,NULL,0,1,0,52,0
1895,9,NULL,0,1,0,52,0
1896,20,NULL,1,1,1,52,0
1897,25,NULL,0,1,0,52,0
1898,9,NULL,0,1,0,52,0
1899,23,NULL,1,1,1,52,0
1326,11,31,0,1,0,53,0
1327,14,31,0,0,0,53,0
1328,25,31,0,1,0,53,0
1329,11,31,1,1,1,53,0
1330,22,49,0,0,0,53,0
1331,0,49,0,0,0,53,0
1332,0,49,1,1,1,53,0
1333,18,8,0,0,0,53,0
1334,26,8,1,1,1,53,0
1335,20,55,0,0,0,53,0
1336,39,55,1,0,0,53,0
1337,48,55,0,0,0,53,0
1338,20,55,0,1,0,53,0
1339,18,8,0,0,0,53,0
1340,11,8,0,1,0,53,0
1341,15,8,0,1,0,53,0
1342,26,8,0,0,0,53,1
1343,26,8,0,1,0,53,0
1344,25,31,0,0,0,53,0
1345,48,55,0,0,0,53,0
1346,20,55,0,0,0,53,0
1347,0,55,0,1,0,53,0
1348,20,55,0,1,0,53,0
1349,23,49,0,0,0,53,0
1350,23,49,1,1,1,53,0
1351,20,49,0,1,0,53,0
1352,0,8,0,0,0,53,0
1353,48,55,0,1,0,53,0
1354,23,55,0,1,0,53,0
1355,18,8,0,1,0,53,0
1356,11,8,0,0,0,53,0
1357,20,49,1,1,1,53,0
1358,20,49,1,0,0,53,0
1359,9,49,0,0,0,53,0
1360,20,49,1,1,1,53,0
1361,25,55,1,1,1,53,0
1362,52,55,0,1,0,53,0
1363,26,31,0,0,0,53,0
1364,18,31,0,0,0,53,0
1365,48,8,0,0,0,53,0
1366,15,8,0,0,0,53,0
1367,20,8,0,0,0,53,0
1368,20,8,0,0,0,53,0
1369,26,8,1,1,1,53,0
1370,52,8,0,0,0,53,0
1371,0,55,1,1,1,53,0
1372,54,8,0,0,0,53,0
1373,48,49,0,0,0,53,0
1374,52,8,0,1,0,53,0
1375,25,8,0,0,0,53,0
1376,0,49,1,1,1,53,0
1377,43,31,0,1,0,53,0
1378,26,8,1,1,1,53,0
1379,0,55,0,0,0,53,1
1380,48,55,1,0,0,53,0
1381,19,8,0,0,0,53,0
1382,32,55,0,1,0,53,0
1383,14,31,0,1,0,53,0
1384,9,49,0,0,0,53,0
1385,38,8,0,1,0,53,0
1386,10,49,0,1,0,53,0
1387,20,49,0,1,0,54,0
1388,48,49,1,1,1,54,0
1389,20,49,1,1,1,54,0
1390,23,49,1,1,1,54,0
1391,20,49,1,1,1,54,0
1392,48,49,0,1,0,54,0
1393,18,31,0,1,0,54,0
1394,11,31,1,1,1,54,0
1395,11,31,0,0,0,54,0
1396,18,55,0,1,0,54,0
1397,19,55,1,1,1,54,0
1398,15,31,0,1,0,54,0
1399,25,31,0,0,0,54,0
1400,11,31,0,0,0,54,0
1401,14,31,0,1,0,54,0
1402,14,31,1,1,1,54,0
1403,18,55,0,1,0,54,0
1405,18,55,1,0,0,54,0
1406,18,55,0,0,0,54,0
1407,25,55,0,0,0,54,0
1408,19,31,0,1,0,54,0
1409,18,31,0,0,0,54,0
1410,14,31,0,1,0,54,0
1411,11,31,0,0,0,54,1
1412,11,55,0,1,0,54,0
1413,14,55,0,1,0,54,0
1414,14,31,0,1,0,54,0
1415,11,55,0,1,0,54,0
1416,29,31,0,0,0,54,0
1417,15,31,0,0,0,54,0
1418,0,31,0,1,0,54,0
1419,20,31,0,1,0,54,0
1420,29,31,1,1,1,54,0
1421,48,31,0,0,0,54,0
1422,25,8,1,1,1,54,0
1423,18,49,0,0,0,54,0
1424,19,49,0,1,0,54,0
1425,0,8,1,0,0,54,0
1426,0,49,0,0,0,54,0
1427,10,NULL,0,1,0,55,0
1428,48,NULL,1,1,1,55,0
1429,20,NULL,1,1,1,55,0
1430,20,NULL,1,0,0,55,0
1431,10,NULL,1,0,0,55,0
1432,29,NULL,0,1,0,55,0
1433,20,NULL,1,1,1,55,0
1434,20,NULL,0,0,0,55,0
1435,9,NULL,1,1,1,55,0
1436,9,NULL,1,1,1,55,0
1437,20,NULL,0,0,0,55,0
1438,20,NULL,0,0,0,55,0
1439,4,NULL,1,1,1,55,0
1440,26,NULL,0,0,0,55,0
1441,20,NULL,1,1,1,55,0
1442,10,NULL,1,1,1,55,0
1443,29,NULL,0,1,0,55,0
1444,10,NULL,0,1,0,55,0
1445,20,NULL,0,0,0,55,0
1446,39,NULL,1,1,1,55,0
1447,20,NULL,0,1,0,55,0
1448,29,NULL,0,0,0,55,0
1449,32,NULL,0,0,0,55,0
1450,32,NULL,1,0,0,55,0
1451,3,NULL,0,1,0,55,0
1452,0,NULL,1,1,1,55,0
1453,32,NULL,0,0,0,55,0
1487,9,NULL,1,1,1,56,0
1488,20,NULL,0,0,0,56,0
1489,32,NULL,0,0,0,56,0
1490,23,NULL,0,0,0,56,0
1491,39,NULL,0,0,0,56,0
1492,23,NULL,1,1,1,56,0
1493,9,NULL,1,1,1,56,0
1494,9,NULL,0,0,0,56,0
1495,25,NULL,0,0,0,56,0
1496,23,NULL,1,0,0,56,0
1497,20,NULL,1,1,1,56,0
1498,9,NULL,0,1,0,56,0
1499,0,NULL,1,1,1,56,0
1500,15,NULL,0,0,0,56,0
1501,20,NULL,1,1,1,56,0
1502,0,NULL,1,1,1,56,0
1503,23,NULL,0,0,0,56,0
1504,25,NULL,1,1,1,56,0
1505,20,NULL,1,1,1,56,0
1506,32,NULL,0,0,0,56,0
1507,25,NULL,1,0,0,56,0
1508,32,NULL,1,1,1,56,0
1509,25,NULL,0,0,0,56,0
1510,9,NULL,1,1,1,56,0
1511,25,NULL,1,1,1,56,0
1512,20,NULL,0,1,0,56,0
1513,20,NULL,1,1,1,56,0
1514,20,NULL,0,1,0,56,0
1515,3,NULL,0,0,0,56,0
1516,9,NULL,0,1,0,56,0
1517,20,NULL,0,0,0,56,0
1518,9,NULL,0,0,0,56,0
1519,9,NULL,0,0,0,56,0
1520,20,NULL,1,1,1,56,0
1522,15,NULL,0,1,0,56,0
1523,20,NULL,0,0,0,56,0
1524,9,NULL,0,0,0,56,0
1525,23,NULL,0,1,0,56,0
1526,26,NULL,0,0,0,56,1
1527,29,NULL,0,0,0,56,0
1528,9,NULL,0,1,0,56,0
1529,20,NULL,1,0,0,56,0
1530,15,NULL,1,1,1,56,0
1531,23,NULL,0,0,0,56,0
1532,10,NULL,0,0,0,56,0
1533,23,NULL,1,0,0,56,0
1534,0,NULL,1,1,1,56,0
1535,26,NULL,0,0,0,56,0
1536,9,NULL,0,0,0,56,0
1537,9,NULL,0,1,0,56,0
1538,25,NULL,0,1,0,56,0
1539,20,NULL,0,1,0,56,0
1540,11,NULL,0,1,0,56,0
1541,50,NULL,1,1,1,56,0
1776,9,8,1,1,1,57,0
1777,15,8,0,1,0,57,0
1778,11,55,1,1,1,57,0
1779,24,55,0,0,0,57,0
1780,24,31,0,1,0,57,0
1781,20,49,1,0,0,57,0
1782,52,31,0,0,0,57,0
1783,25,44,0,0,0,57,0
1784,14,31,0,1,0,57,0
1785,11,55,0,1,0,57,0
1786,28,44,0,1,0,57,0
1787,26,31,1,1,1,57,0
1788,24,8,1,1,1,57,0
1789,14,8,0,0,0,57,1
1790,25,44,0,0,0,57,0
1791,15,44,1,0,0,57,0
1792,23,55,0,1,0,57,0
1793,23,55,0,1,0,57,0
1794,26,55,1,1,1,57,0
1795,11,55,0,1,0,57,0
1796,19,55,0,0,0,57,0
1797,24,49,0,0,0,57,0
1798,29,31,0,1,0,57,0
1799,25,31,0,0,0,57,0
1800,35,31,1,0,0,57,0
1801,14,31,0,1,0,57,0
1802,52,55,0,0,0,57,0
1803,20,44,1,1,1,57,0
1804,10,55,0,0,0,57,0
1805,20,55,0,0,0,57,0
1806,25,55,0,0,0,57,0
1807,23,31,1,1,1,57,0
1808,23,31,0,0,0,57,0
1809,11,49,1,1,1,57,0
1810,29,49,1,1,1,57,0
1811,23,49,0,0,0,57,0
1812,9,49,0,0,0,57,0
1813,25,49,0,1,0,57,0
1815,52,31,1,1,1,58,0
1816,33,55,0,0,0,58,0
1817,19,55,1,1,1,58,0
1818,32,8,0,0,0,58,0
1819,20,44,1,1,1,58,0
1820,18,55,1,0,0,58,0
1821,24,55,0,0,0,58,0
1822,24,55,1,0,0,58,0
1823,19,55,1,0,0,58,0
1824,0,49,0,0,0,58,0
1825,0,8,0,0,0,58,0
1826,23,8,0,1,0,58,0
1827,56,31,0,1,0,58,0
1828,9,49,0,1,0,58,0
1829,33,55,0,1,0,58,0
1830,28,49,1,1,1,58,0
1831,20,8,1,1,1,58,0
1832,25,8,0,0,0,58,0
1833,11,31,0,0,0,58,0
1834,11,55,0,0,0,58,0
1835,24,55,0,1,0,58,0
1836,18,55,1,0,0,58,0
1837,14,31,0,0,0,58,0
1838,24,55,0,1,0,58,0
1839,11,55,0,1,0,58,0
1840,14,55,0,0,0,58,0
1841,35,31,1,1,1,58,0
1842,23,8,0,1,0,58,0
1843,48,44,0,1,0,58,0
1844,25,44,1,1,1,58,0
1845,48,44,1,1,1,58,0
1846,20,49,1,0,0,58,0
1847,9,49,1,1,1,58,0
1848,23,49,1,0,0,58,0
1849,20,49,0,0,0,58,0
1850,48,49,0,1,0,58,0
1851,29,8,0,1,0,58,0
1852,25,8,1,1,1,58,0
4303,48,44,1,0,0,59,0
4304,35,55,0,1,0,59,0
4305,24,31,0,1,0,59,0
4306,10,31,0,1,0,59,0
4307,24,8,1,0,0,59,0
4308,35,8,1,0,0,59,0
4309,9,44,1,0,0,59,0
4310,16,44,0,1,0,59,0
4311,9,49,0,1,0,59,0
4312,48,49,0,1,0,59,0
4313,27,55,0,0,0,59,0
4314,29,55,0,1,0,59,0
4315,11,49,1,1,1,59,0
4316,48,44,0,0,0,59,0
4317,25,44,0,0,0,59,0
4318,25,44,1,1,1,59,0
4319,24,8,0,0,0,59,0
4320,9,44,1,1,1,59,0
4266,52,49,1,1,1,60,0
4267,35,49,1,1,1,60,0
4268,24,44,1,1,1,60,0
4269,24,49,1,1,1,60,0
4270,11,49,0,0,0,60,0
4271,15,49,0,0,0,60,0
4272,11,44,0,1,0,60,0
4273,29,44,0,0,0,60,0
4274,18,49,1,1,1,60,0
4275,9,8,0,0,0,60,1
4276,9,8,1,1,1,60,0
4277,20,55,1,1,1,60,0
4278,12,8,1,1,1,60,0
4279,20,55,1,1,1,60,0
4280,48,8,1,1,1,60,0
4281,20,8,1,1,1,60,0
4282,25,49,0,0,0,60,0
4283,25,49,1,1,1,60,0
4284,29,55,1,1,1,60,0
4285,29,55,0,0,0,60,0
4286,14,31,0,1,0,60,0
4287,20,31,1,1,1,60,0
4288,48,31,0,1,0,60,0
4289,10,31,0,1,0,60,0
4290,20,31,1,1,1,60,0
4291,2,44,1,1,1,60,0
4292,14,44,1,1,1,60,0
4293,48,49,1,1,1,60,0
4294,10,49,1,1,1,60,0
4295,14,44,0,1,0,60,0
4296,21,44,0,0,0,60,0
4297,52,31,0,0,0,60,0
4298,27,31,0,1,0,60,0
4299,48,49,0,1,0,60,0
4300,18,8,0,0,0,60,0
4301,54,49,0,1,0,60,0
4302,10,49,0,0,0,60,0
2354,10,31,1,1,1,61,0
2355,26,31,1,1,1,61,0
2356,9,31,0,1,0,61,0
2357,24,8,0,0,0,61,0
2358,52,55,1,1,1,61,0
2359,35,55,0,1,0,61,0
2360,35,55,1,1,1,61,0
2361,18,44,1,1,1,61,0
2362,20,49,0,1,0,61,0
2363,19,31,0,0,0,61,0
2364,14,55,1,1,1,61,0
2365,14,55,0,1,0,61,0
2366,27,8,0,1,0,61,0
2367,35,8,1,1,1,61,0
2368,18,8,1,1,1,61,0
2369,20,49,1,1,1,61,0
2370,29,49,0,1,0,61,0
2371,29,49,1,1,1,61,0
2372,29,31,0,0,0,61,0
2373,23,55,1,1,1,61,0
2374,20,55,0,1,0,61,0
2375,23,55,0,1,0,61,0
2376,15,8,1,1,1,61,0
2377,20,8,0,0,0,61,0
2378,11,55,0,1,0,62,0
2379,24,55,1,1,1,62,0
2380,35,55,0,0,0,62,1
2381,18,31,0,1,0,62,0
2382,29,31,0,0,0,62,0
2383,29,55,0,0,0,62,0
2384,35,31,1,1,1,62,0
2385,52,31,0,0,0,62,0
2686,11,31,0,1,0,62,0
2687,11,31,0,1,0,62,0
2688,18,31,1,1,1,62,0
2689,18,31,0,0,0,62,0
2690,27,55,1,1,1,62,0
2691,52,31,0,0,0,62,0
2692,19,31,1,1,1,62,0
2693,24,31,0,1,0,62,0
2694,35,31,1,1,1,62,0
2695,24,55,0,1,0,62,0
2696,9,44,0,0,0,62,0
2697,25,49,1,0,0,62,0
2698,11,55,0,1,0,62,0
2699,28,44,1,1,1,62,0
2700,52,55,1,1,1,62,0
2701,14,31,1,0,0,62,0
2702,52,31,0,0,0,62,0
2703,11,31,0,0,0,62,0
2704,18,55,0,0,0,62,1
2705,24,55,0,0,0,62,0
2706,18,55,0,1,0,62,0
2707,18,31,0,0,0,62,0
2708,25,44,1,1,1,62,0
2709,25,44,1,1,1,62,0
2710,20,44,1,1,1,62,0
2711,29,31,0,0,0,62,0
2712,20,49,1,1,1,62,0
2713,25,8,0,1,0,62,0
2714,20,8,1,1,1,62,0
2715,27,55,0,0,0,62,0
2716,20,44,0,0,0,62,0
2589,23,NULL,1,1,1,63,0
2590,23,NULL,1,1,1,63,0
2591,9,NULL,0,1,0,63,0
2592,20,NULL,0,1,0,63,0
2593,26,NULL,0,0,0,63,0
2594,25,NULL,0,1,0,63,0
2595,25,NULL,0,0,0,63,0
2596,10,NULL,0,1,0,63,0
2597,20,NULL,1,1,1,63,0
2598,20,NULL,0,1,0,63,0
2599,25,NULL,1,1,1,63,0
2600,10,NULL,0,0,0,63,0
2601,9,NULL,1,1,1,63,0
2602,17,NULL,0,0,0,63,0
2603,23,NULL,1,1,1,63,0
2604,20,NULL,0,1,0,63,0
2605,25,NULL,0,0,0,63,0
2606,26,NULL,0,0,0,63,0
2607,32,NULL,0,0,0,63,0
2608,20,NULL,0,1,0,63,0
2609,15,NULL,0,0,0,63,1
2610,9,NULL,0,1,0,63,0
2611,20,NULL,0,0,0,63,0
2612,32,NULL,0,1,0,63,0
2613,20,NULL,0,1,0,63,0
2614,39,NULL,0,1,0,63,0
2615,20,NULL,0,1,0,63,0
2616,32,NULL,0,0,0,63,0
2617,25,NULL,0,0,0,63,0
2618,29,NULL,1,0,0,63,0
2619,20,NULL,1,1,1,63,0
2620,26,NULL,0,0,0,63,0
2621,26,NULL,1,1,1,63,0
2622,26,NULL,0,1,0,63,0
2623,9,NULL,0,0,0,63,0
2624,10,NULL,1,1,1,63,0
2717,20,8,0,1,0,64,0
2718,9,8,1,1,1,64,0
2719,23,49,1,0,0,64,0
2720,25,49,0,1,0,64,0
2721,19,8,0,0,0,64,0
2722,20,44,1,1,1,64,0
2723,20,44,1,1,1,64,0
2724,20,44,0,0,0,64,0
2725,32,49,1,1,1,64,0
2726,15,8,0,0,0,64,0
2727,9,8,1,1,1,64,0
2728,27,31,1,0,0,64,0
2729,35,31,1,1,1,64,0
2730,52,31,0,1,0,64,0
2731,14,55,1,1,1,64,0
2732,24,31,0,0,0,64,0
2733,52,31,0,1,0,64,0
2734,18,55,0,0,0,64,0
2735,27,55,0,0,0,64,0
2736,18,55,0,1,0,64,0
2737,52,31,1,1,1,64,0
2738,20,31,1,0,0,64,0
2739,18,8,1,1,1,64,0
2740,52,8,0,0,0,64,0
2741,10,44,0,0,0,64,0
2742,26,55,1,1,1,64,0
2743,20,8,0,1,0,64,0
2744,18,44,0,0,0,64,0
2745,26,49,0,0,0,64,0
2746,25,49,0,1,0,64,0
2747,5,31,1,1,1,64,0
2748,25,49,1,1,1,64,0
2749,20,8,0,0,0,64,1
2750,18,55,1,1,1,64,0
2751,35,55,0,0,0,64,0
2752,20,8,0,1,0,64,0
2753,32,8,1,0,0,64,0
2754,35,55,0,0,0,64,1
2755,52,55,0,1,0,64,0
2756,25,44,0,1,0,64,0
2757,52,31,0,0,0,64,0
2758,24,49,0,1,0,64,0
2759,27,55,0,1,0,64,0
2760,9,8,1,1,1,64,0
2761,11,55,1,1,1,64,0
3493,20,8,1,1,1,65,0
3494,9,8,1,1,1,65,0
3495,29,8,0,1,0,65,0
3496,20,49,0,0,0,65,0
3497,26,44,0,0,0,65,0
3498,23,44,0,1,0,65,0
3499,27,31,0,0,0,65,0
3500,11,31,0,1,0,65,0
3501,29,31,0,1,0,65,0
3502,52,31,0,0,0,65,0
3508,35,31,0,0,0,65,0
3509,23,8,0,0,0,65,0
3510,10,8,0,1,0,65,0
3511,23,8,1,1,1,65,0
3512,25,44,0,0,0,65,0
3513,19,44,0,1,0,65,0
3514,11,55,0,0,0,65,0
3515,29,55,0,0,0,65,0
3516,20,49,0,1,0,65,0
3517,9,49,0,0,0,65,0
3518,19,8,0,1,0,65,0
3519,9,8,0,1,0,65,0
3520,25,8,0,0,0,65,1
3521,38,31,0,1,0,65,0
3522,18,31,0,1,0,65,0
3523,11,31,1,1,1,65,0
3524,32,44,0,1,0,65,0
3525,20,44,1,1,1,65,0
3526,32,44,0,0,0,65,0
3527,52,31,0,1,0,65,0
3528,27,31,0,1,0,65,0
3529,11,31,0,0,0,65,0
3530,23,8,1,1,1,65,0
3531,42,49,0,0,0,65,0
3532,9,49,1,1,1,65,0
3533,24,49,0,0,0,65,0
3534,20,49,1,1,1,65,0
3535,26,44,0,0,0,65,0
3536,11,55,1,1,1,65,0
3537,20,8,1,1,1,65,0
3538,27,31,1,1,1,65,0
5094,13,NULL,1,0,0,66,0
5095,25,NULL,0,1,0,66,0
5096,25,NULL,1,1,1,66,0
5097,28,NULL,0,0,0,66,0
5098,9,NULL,1,1,1,66,0
5099,9,NULL,0,1,0,66,0
5100,12,NULL,0,1,0,66,0
5101,32,NULL,0,1,0,66,0
5102,20,NULL,1,1,1,66,0
5103,9,NULL,0,0,0,66,0
5104,9,NULL,0,0,0,66,0
5105,14,NULL,0,1,0,66,0
5106,9,NULL,1,1,1,66,0
5107,25,NULL,1,0,0,66,0
5108,20,NULL,1,1,1,66,0
5109,56,NULL,1,1,1,66,0
5110,25,NULL,1,0,0,66,0
5111,9,NULL,0,0,0,66,0
5112,10,NULL,1,0,0,66,0
5113,25,NULL,0,0,0,66,1
5114,54,NULL,0,1,0,66,0
5115,13,NULL,0,1,0,66,0
5116,20,NULL,1,1,1,66,0
5117,14,NULL,0,0,0,66,0
5118,14,NULL,0,1,0,66,0
5119,11,NULL,1,1,1,66,0
5120,20,NULL,0,1,0,66,0
5121,48,NULL,1,1,1,66,0
5122,2,NULL,0,0,0,66,0
5123,12,NULL,0,1,0,66,0
5124,11,NULL,0,0,0,66,0
5125,9,NULL,0,1,0,66,0
5126,12,NULL,0,0,0,66,0
5127,48,NULL,1,1,1,66,0
5128,48,NULL,0,0,0,66,0
5129,20,NULL,1,1,1,66,0
5130,25,NULL,1,1,1,66,0
5131,48,NULL,1,1,1,66,0
5132,10,NULL,1,1,1,66,0
5133,1,NULL,0,1,0,66,0
5134,12,NULL,1,1,1,66,0
5135,20,NULL,1,1,1,66,0
5136,11,NULL,1,1,1,66,0
5137,25,NULL,1,0,0,66,0
5138,20,NULL,0,1,0,66,0
5139,12,NULL,1,0,0,66,0
5140,24,NULL,1,1,1,66,0
5141,11,NULL,1,0,0,66,0
5142,38,NULL,0,1,0,66,0
5143,38,NULL,0,1,0,66,0
5144,29,NULL,1,0,0,66,0
5145,18,NULL,1,1,1,66,0
5146,29,NULL,0,0,0,66,0
5147,35,NULL,0,1,0,66,0
5148,15,NULL,1,1,1,66,0
2885,9,NULL,1,1,1,67,0
2886,26,NULL,1,1,1,67,0
2887,26,NULL,0,1,0,67,0
2888,20,NULL,1,1,1,67,0
2890,20,NULL,0,0,0,67,0
2891,26,NULL,1,1,1,67,0
2893,9,NULL,1,1,1,67,0
2896,26,NULL,1,1,1,67,0
2898,23,NULL,1,1,1,67,0
2899,48,NULL,0,0,0,67,0
2901,20,NULL,0,0,0,67,0
2906,48,NULL,1,1,1,67,0
2907,9,NULL,0,1,0,67,0
2912,0,NULL,0,1,0,67,0
2913,20,NULL,0,1,0,67,0
2914,48,NULL,0,1,0,67,0
2915,23,NULL,1,1,1,67,0
2916,20,NULL,0,0,0,67,0
2919,20,NULL,0,0,0,67,0
2920,9,NULL,1,1,1,67,0
2921,48,NULL,1,0,0,67,0
2922,10,NULL,0,1,0,67,0
2924,10,NULL,0,0,0,67,0
2926,20,NULL,1,1,1,67,0
2929,9,NULL,0,1,0,67,0
2930,9,NULL,0,1,0,67,0
2931,9,NULL,0,1,0,67,0
2932,9,NULL,1,1,1,67,0
2934,23,NULL,1,1,1,67,0
2942,9,NULL,0,1,0,67,0
2945,20,NULL,0,1,0,67,0
2963,25,NULL,0,1,0,67,0
3043,20,NULL,0,0,0,68,0
3046,26,NULL,1,1,1,68,0
3048,20,NULL,0,0,0,68,0
3049,20,NULL,1,1,1,68,0
3051,25,NULL,0,0,0,68,0
3053,23,NULL,1,1,1,68,0
3056,1,NULL,0,1,0,68,0
3060,20,NULL,0,1,0,68,0
3062,48,NULL,0,1,0,68,0
3064,48,NULL,0,0,0,68,0
3066,25,NULL,1,1,1,68,0
3068,25,NULL,0,0,0,68,0
3069,26,NULL,0,1,0,68,0
3070,20,NULL,0,1,0,68,0
3071,32,NULL,1,1,1,68,0
3072,9,NULL,1,1,1,68,0
3073,48,NULL,1,1,1,68,0
3074,48,NULL,1,1,1,68,0
3079,20,NULL,0,1,0,68,0
3081,25,NULL,1,1,1,68,0
3084,20,NULL,0,1,0,68,0
3086,20,NULL,0,0,0,68,1
3089,9,NULL,1,1,1,68,0
3090,26,NULL,0,0,0,68,0
3091,23,NULL,0,1,0,68,0
3093,20,NULL,1,1,1,68,0
3095,26,NULL,1,0,0,68,0
3098,10,NULL,0,1,0,68,0
3100,20,NULL,0,0,0,68,0
3103,0,NULL,0,0,0,68,0
3105,20,NULL,0,0,0,68,0
3107,23,NULL,0,1,0,68,0
3110,20,NULL,0,0,0,68,0
3111,26,NULL,0,1,0,68,0
3113,48,NULL,1,1,1,68,0
3115,20,NULL,0,0,0,68,1
3116,48,NULL,0,0,0,68,0
3117,23,NULL,1,1,1,68,0
3120,9,NULL,1,0,0,68,0
3121,26,NULL,0,0,0,68,0
3123,9,NULL,0,0,0,68,0
3125,25,NULL,0,0,0,68,0
3129,0,NULL,1,1,1,68,0
3131,1,NULL,0,0,0,68,0
3132,25,NULL,0,0,0,68,0
3133,9,NULL,0,0,0,68,0
3135,23,NULL,0,0,0,68,0
3139,20,NULL,0,1,0,68,0
3142,11,NULL,0,1,0,68,0
3144,20,NULL,1,0,0,68,0
4321,12,8,1,1,1,69,0
4322,12,8,1,1,1,69,0
4323,12,49,0,1,0,69,0
4324,14,49,1,1,1,69,0
4325,48,8,0,0,0,69,0
4326,20,8,1,1,1,69,0
4327,48,8,1,1,1,69,0
4328,12,49,1,1,1,69,0
4329,20,49,0,0,0,69,0
4330,14,49,1,1,1,69,0
4331,9,8,0,1,0,69,0
4332,25,44,1,1,1,70,0
4333,48,44,1,1,1,70,0
4334,48,44,0,0,0,70,0
4335,25,44,1,1,1,70,0
4336,25,49,1,1,1,70,0
4337,23,49,1,1,1,70,0
4338,25,8,1,1,1,70,0
4339,20,8,0,1,0,70,0
4340,9,44,1,1,1,70,0
4341,9,44,0,0,0,70,0
4342,11,44,1,1,1,70,0
4343,25,49,1,0,0,70,0
4344,48,49,1,1,1,70,0
4345,12,49,0,1,0,70,0
4346,12,49,0,1,0,70,0
4347,23,49,1,1,1,70,0
4348,10,49,0,0,0,70,0
4349,9,8,0,1,0,70,0
3539,9,44,1,1,1,71,0
3540,9,44,0,1,0,71,0
3542,25,44,0,1,0,71,0
3543,48,44,1,1,1,71,0
3544,15,44,1,1,1,71,0
3545,15,44,1,0,0,71,0
3546,26,49,1,0,0,71,0
3547,23,49,0,0,0,71,0
3548,19,49,1,1,1,71,0
3549,48,49,1,1,1,71,0
3550,15,49,1,0,0,71,0
3551,25,49,1,1,1,71,0
3552,10,44,1,1,1,71,0
3553,20,44,0,0,0,71,0
3554,9,44,1,1,1,71,0
3555,19,44,1,1,1,71,0
3556,19,44,0,1,0,71,0
3557,10,49,0,0,0,71,0
3558,10,49,0,0,0,71,0
3559,48,49,1,1,1,71,0
3560,23,49,1,1,1,71,0
3561,19,44,1,1,1,71,0
3562,10,44,0,0,0,71,0
3563,24,44,1,1,1,71,0
3564,10,49,0,0,0,71,0
3565,9,49,0,0,0,71,0
3566,23,49,0,0,0,71,0
3567,48,44,1,1,1,71,0
3568,20,44,1,1,1,71,0
3569,20,44,0,0,0,71,0
3570,26,49,1,1,1,71,0
3571,9,49,0,1,0,71,0
3572,14,31,0,0,0,71,0
3573,14,31,1,1,1,71,0
3574,52,31,0,1,0,71,0
3575,24,31,0,0,0,71,0
3576,15,55,0,0,0,71,0
3577,15,8,0,0,0,71,0
3578,15,8,1,1,1,71,0
3579,14,8,1,1,1,71,0
3580,27,31,0,1,0,71,0
3581,28,8,0,0,0,71,0
3582,18,31,0,1,0,71,0
3583,28,31,0,1,0,71,0
3584,32,44,0,0,0,71,0
3585,11,44,1,1,1,71,0
3586,35,31,1,1,1,71,0
3587,33,55,0,0,0,71,0
3588,15,55,0,0,0,71,0
3589,27,55,0,1,0,71,0
3590,5,55,0,0,0,71,0
3591,19,49,1,1,1,71,0
3592,23,49,1,1,1,71,0
3593,52,8,0,1,0,71,0
3594,15,44,0,1,0,71,0
3595,20,44,0,1,0,71,0
3596,29,44,1,1,1,72,0
3597,11,44,1,1,1,72,0
3598,20,44,0,1,0,72,0
3599,14,31,0,1,0,72,0
3600,1,49,1,1,1,72,0
3601,11,55,0,1,0,72,0
3602,26,44,0,1,0,72,0
3603,25,44,0,1,0,72,0
3604,20,44,1,1,1,72,0
3605,10,44,0,0,0,72,0
3606,9,49,1,1,1,72,0
3607,20,44,0,1,0,72,0
3608,48,44,1,1,1,72,0
3609,48,44,0,1,0,72,0
3610,11,49,1,1,1,72,0
3611,11,49,1,0,0,72,0
3612,9,44,0,1,0,72,0
3613,24,44,1,0,0,72,0
3614,20,44,0,1,0,72,0
3615,26,44,0,1,0,72,0
3616,25,49,1,1,1,72,0
3617,35,31,0,1,0,72,0
3618,15,31,1,1,1,72,0
3619,52,31,1,0,0,72,0
3620,52,31,0,1,0,72,0
3621,24,55,0,1,0,72,0
3622,9,8,0,0,0,72,0
3623,35,31,0,1,0,72,0
3624,20,49,0,1,0,72,0
3625,25,49,1,1,1,72,0
3626,14,55,1,1,1,72,0
3627,29,55,1,1,1,72,0
3628,25,8,1,1,1,72,0
3629,18,31,0,1,0,72,0
3630,20,49,0,0,0,72,0
3631,32,49,1,0,0,72,0
3632,9,49,1,1,1,72,0
3633,11,31,1,1,1,72,0
3634,20,44,1,0,0,72,0
3635,48,44,0,0,0,72,0
3636,25,44,1,1,1,72,0
3637,9,44,0,0,0,72,0
3638,9,44,0,0,0,72,0
3639,9,44,0,0,0,72,0
3640,25,44,0,1,0,72,0
3641,20,44,1,1,1,72,0
3642,20,44,1,1,1,72,0
3643,48,8,1,1,1,73,0
3644,48,8,0,1,0,73,0
3645,9,8,1,1,1,73,0
3646,29,8,0,0,0,73,0
3647,0,8,1,1,1,73,0
3648,48,8,1,1,1,73,0
3649,23,8,0,0,0,73,0
3650,23,44,1,1,1,73,0
3651,29,44,1,1,1,73,0
3652,25,49,0,0,0,73,0
3653,27,31,0,1,0,73,0
3654,35,31,1,1,1,73,0
3655,52,55,1,0,0,73,0
3656,12,55,0,0,0,73,0
3657,27,55,1,0,0,73,0
3658,18,55,0,0,0,73,0
3659,29,55,0,0,0,73,0
3660,35,55,0,0,0,73,0
3661,14,44,0,1,0,73,0
3662,15,44,1,1,1,73,0
3663,14,44,0,1,0,73,0
3665,18,49,1,1,1,73,0
3666,15,49,0,1,0,73,0
3667,18,44,0,0,0,73,0
3668,18,44,1,1,1,73,0
3669,24,44,0,0,0,73,0
3670,11,44,1,1,1,73,0
3671,24,49,0,1,0,73,0
3672,26,8,1,1,1,73,0
3673,10,8,0,0,0,73,0
3674,20,8,0,0,0,73,0
3675,29,44,1,1,1,73,0
3676,23,31,0,0,0,74,0
3677,29,8,0,0,0,74,0
3678,48,44,1,1,1,74,0
3679,18,31,0,0,0,74,0
3680,48,55,1,1,1,74,0
3681,10,55,0,0,0,74,0
3682,0,55,1,1,1,74,0
3683,10,8,0,0,0,74,0
3684,10,8,0,0,0,74,0
3685,15,8,0,0,0,74,0
3686,35,44,0,0,0,74,0
3687,19,44,1,1,1,74,0
3688,19,44,0,0,0,74,0
3689,24,49,0,0,0,74,0
3690,14,49,0,0,0,74,0
3691,0,49,0,0,0,74,0
3692,19,8,0,0,0,74,0
3693,20,8,0,0,0,74,1
3694,48,8,0,0,0,74,0
3695,11,8,0,1,0,74,0
3696,25,8,1,1,1,74,0
3697,48,44,0,1,0,74,0
3698,20,44,0,0,0,74,0
3699,0,44,1,1,1,74,0
3700,11,44,1,0,0,74,0
3701,20,44,0,1,0,74,0
3702,48,49,0,0,0,74,0
3703,0,49,1,0,0,74,0
3704,29,31,0,1,0,74,0
3705,35,31,1,1,1,74,0
3706,15,55,0,1,0,74,0
3707,14,55,0,1,0,74,0
3708,15,31,0,0,0,74,0
3709,18,31,0,0,0,74,0
3710,26,49,0,0,0,75,0
3711,48,49,1,1,1,75,0
3712,0,8,1,1,1,75,0
3713,29,8,0,1,0,75,0
3714,0,44,0,1,0,75,0
3715,15,44,0,1,0,75,0
3716,11,44,1,1,1,75,0
3717,20,49,0,1,0,75,0
3718,20,49,0,0,0,75,0
3719,20,49,0,0,0,75,0
3720,23,49,0,0,0,75,0
3721,0,49,1,1,1,75,0
3722,11,8,0,1,0,75,0
3723,26,44,0,0,0,75,0
3724,0,44,1,1,1,75,0
3725,56,49,1,1,1,75,0
3726,10,44,0,0,0,75,0
3727,10,49,1,1,1,75,0
3728,25,44,1,1,1,75,0
3729,26,NULL,0,1,0,76,0
3731,23,NULL,0,0,0,76,0
3732,25,NULL,1,1,1,76,0
3733,2,NULL,1,0,0,76,0
3734,9,NULL,0,0,0,76,1
3801,48,NULL,0,1,0,76,0
3802,9,NULL,1,1,1,76,0
3804,48,NULL,0,1,0,76,0
3805,20,NULL,0,1,0,76,0
3806,23,NULL,0,0,0,76,0
3807,9,NULL,0,1,0,76,0
3808,10,NULL,1,1,1,76,0
3809,10,NULL,0,0,0,76,0
3810,9,NULL,1,1,1,76,0
3811,9,NULL,1,1,1,76,0
3812,9,NULL,0,0,0,76,0
3813,32,NULL,0,1,0,76,0
3814,29,NULL,0,1,0,76,0
3816,23,NULL,0,1,0,76,0
3817,9,NULL,0,0,0,76,0
3818,4,NULL,0,0,0,76,0
3819,23,NULL,0,1,0,76,0
3820,9,NULL,0,1,0,76,0
3822,10,NULL,0,1,0,76,0
3823,48,NULL,1,1,1,76,0
3824,9,NULL,0,0,0,76,0
3825,10,NULL,1,1,1,76,0
3826,9,NULL,1,1,1,76,0
3827,23,55,1,0,0,78,0
3828,23,55,1,0,0,78,0
3829,48,55,1,1,1,78,0
3830,48,55,1,1,1,78,0
3831,25,8,0,0,0,78,0
3832,26,8,0,0,0,78,0
3833,14,55,0,1,0,78,0
3834,20,55,0,1,0,78,0
3835,23,55,1,1,1,78,0
3836,9,55,0,1,0,78,0
4156,23,NULL,1,1,1,78,0
4157,9,55,1,0,0,78,0
4158,16,44,0,1,0,78,0
4159,9,55,1,1,1,78,0
4160,12,49,0,1,0,78,0
4161,11,8,0,1,0,78,0
4162,52,44,0,0,0,78,0
4163,19,44,0,0,0,78,1
4164,45,55,0,1,0,78,0
4165,25,55,1,1,1,78,0
4166,33,55,0,1,0,78,0
4167,14,55,1,1,1,78,0
4168,10,49,0,0,0,78,0
4169,15,49,0,1,0,78,0
4170,27,49,0,0,0,78,0
4171,54,8,1,1,1,78,0
4172,26,55,1,1,1,78,0
4173,23,55,0,0,0,78,0
4174,25,55,0,1,0,78,0
4175,23,55,0,0,0,78,0
4176,48,8,0,0,0,78,0
4177,9,8,0,0,0,78,0
4178,48,8,1,1,1,78,0
4179,23,55,1,1,1,78,0
4180,54,55,1,0,0,78,0
4181,20,55,0,0,0,78,0
4182,11,44,0,1,0,78,0
4183,23,8,0,1,0,78,0
4184,10,49,0,0,0,78,0
4185,32,49,0,0,0,78,0
4186,12,49,1,0,0,78,0
4187,25,8,1,1,1,78,0
4188,23,55,0,0,0,78,0
4189,18,44,1,1,1,78,0
4190,9,55,0,0,0,78,0
4191,29,55,0,1,0,78,0
4192,15,49,0,0,0,78,0
4193,26,55,0,0,0,78,0
4194,16,49,1,1,1,78,0
4195,43,55,0,0,0,78,0
5149,20,NULL,0,0,0,79,0
5150,26,NULL,1,1,1,79,0
5151,9,NULL,0,0,0,79,0
5152,48,NULL,1,1,1,79,0
5153,14,NULL,0,1,0,79,0
5154,48,NULL,1,1,1,79,0
5155,48,NULL,1,1,1,79,0
5156,32,NULL,1,1,1,79,0
5157,25,NULL,0,0,0,79,0
5158,9,NULL,1,1,1,79,0
5159,20,NULL,0,1,0,79,0
5160,32,NULL,0,1,0,79,0
5161,20,NULL,1,1,1,79,0
5162,9,NULL,1,1,1,79,0
5163,9,NULL,1,1,1,79,0
5164,29,NULL,0,0,0,79,1
5165,23,NULL,0,0,0,79,0
5166,20,NULL,0,1,0,79,0
5167,14,NULL,0,1,0,79,0
5168,26,NULL,1,1,1,79,0
5169,25,NULL,1,1,1,79,0
5170,23,NULL,0,0,0,79,0
5171,9,NULL,0,0,0,79,0
5172,12,NULL,1,1,1,79,0
5173,13,NULL,0,1,0,79,0
5174,25,NULL,0,1,0,79,0
5175,48,NULL,0,0,0,79,1
5176,23,NULL,0,0,0,79,0
5177,9,NULL,0,1,0,79,0
5178,12,NULL,0,0,0,79,0
5179,12,NULL,0,1,0,79,0
5180,16,NULL,1,1,1,79,0
5181,28,NULL,0,1,0,79,0
5182,48,NULL,1,1,1,79,0
5183,9,NULL,0,0,0,79,0
5184,9,NULL,1,1,1,79,0
5185,18,NULL,0,0,0,79,0
5186,54,NULL,0,1,0,79,0
5187,15,NULL,1,1,1,79,0
4105,10,NULL,0,0,0,80,0
4106,9,NULL,0,1,0,80,0
4107,1,NULL,0,1,0,80,0
4108,9,NULL,1,1,1,80,0
4109,20,NULL,1,1,1,80,0
4110,4,NULL,1,1,1,80,0
4111,48,NULL,0,0,0,80,0
4112,20,NULL,0,0,0,80,0
4113,9,NULL,0,0,0,80,0
4114,48,NULL,1,1,1,80,0
4115,42,NULL,1,1,1,80,0
4116,20,NULL,0,0,0,80,0
4117,25,NULL,1,1,1,80,0
4118,16,NULL,0,0,0,80,0
4119,32,NULL,0,0,0,80,0
4120,48,NULL,0,0,0,80,0
4121,48,NULL,1,1,1,80,0
4122,10,NULL,0,1,0,80,0
4124,16,NULL,0,1,0,80,0
4125,9,NULL,0,1,0,80,0
4126,9,NULL,1,1,1,80,0
4127,48,NULL,1,1,1,80,0
4128,29,NULL,0,1,0,80,0
4129,9,NULL,0,0,0,80,0
4130,48,NULL,0,1,0,80,0
4131,14,NULL,1,1,1,80,0
4132,23,NULL,0,0,0,80,0
4133,20,NULL,0,1,0,80,0
4134,10,NULL,0,1,0,80,0
4135,4,NULL,0,1,0,80,0
4136,4,NULL,0,0,0,80,0
4137,25,NULL,1,1,1,80,0
4138,32,NULL,1,1,1,80,0
4139,10,NULL,0,0,0,80,0
4140,20,NULL,0,0,0,80,0
4141,23,NULL,0,0,0,80,0
4142,48,NULL,1,1,1,80,0
4143,9,NULL,1,1,1,80,0
4144,48,NULL,1,1,1,80,0
4145,10,NULL,0,1,0,80,0
4146,25,NULL,1,1,1,80,0
4147,29,NULL,1,1,1,80,0
4148,23,NULL,1,1,1,80,0
4149,11,NULL,0,0,0,80,0
4150,16,NULL,0,1,0,80,0
4151,29,NULL,0,0,0,80,0
4152,25,NULL,0,1,0,80,0
4153,15,NULL,0,0,0,80,0
4154,39,NULL,1,1,1,80,0
4155,3,NULL,0,0,0,80,0
4196,35,55,0,0,0,81,0
4197,18,55,1,1,1,81,0
4198,11,8,0,0,0,81,0
4199,24,55,0,0,0,81,0
4200,27,55,1,1,1,81,0
4201,27,8,0,1,0,81,0
4202,29,8,1,1,1,81,0
4203,20,49,0,1,0,81,0
4204,9,55,0,1,0,81,0
4205,27,44,0,0,0,81,0
4206,25,55,1,1,1,81,0
4207,20,8,0,1,0,81,0
4208,14,8,0,0,0,81,0
4209,14,8,0,0,0,81,1
4210,25,8,1,1,1,81,0
4211,35,44,0,0,0,81,0
4212,35,44,0,0,0,81,0
4213,35,44,1,1,1,81,0
4214,48,55,0,1,0,81,0
4215,20,55,1,1,1,81,0
4216,29,31,1,1,1,82,0
4217,12,31,0,1,0,82,0
4218,18,31,0,1,0,82,0
4219,27,31,1,1,1,82,0
4220,27,55,0,0,0,82,0
4221,24,55,1,1,1,82,0
4222,24,55,1,1,1,82,0
4223,14,31,0,1,0,82,0
4226,52,31,1,1,1,82,0
4227,24,31,0,1,0,82,0
4228,52,55,1,1,1,82,0
4229,52,55,0,1,0,82,0
4230,18,55,1,1,1,82,0
4231,11,55,0,0,0,82,0
4232,25,8,0,0,0,82,0
4234,38,31,0,1,0,82,0
4235,12,31,1,1,1,82,0
4236,12,55,0,0,0,82,0
4237,35,55,0,0,0,82,0
4238,16,44,0,0,0,82,0
4239,39,55,0,0,0,82,0
4240,15,44,1,1,1,82,0
4241,25,8,0,1,0,82,0
4242,9,8,0,1,0,82,0
4243,9,8,0,1,0,82,0
4244,25,49,1,1,1,82,0
4245,48,49,0,1,0,82,0
4246,48,8,0,0,0,83,0
4247,0,44,0,0,0,83,0
4248,20,44,1,1,1,83,0
4249,26,8,0,1,0,83,0
4250,23,8,1,1,1,83,0
4251,20,44,1,1,1,83,0
4252,15,44,0,1,0,83,0
4253,9,49,1,1,1,83,0
4254,26,49,0,0,0,83,0
4255,26,49,0,0,0,83,0
4256,48,8,0,0,0,83,0
4257,25,8,0,0,0,83,0
4258,48,8,1,1,1,83,0
4259,11,31,1,1,1,83,0
4260,11,55,0,0,0,83,0
4261,11,31,0,1,0,83,0
4262,24,55,0,1,0,83,0
4263,11,55,1,1,1,83,0
4264,52,31,0,1,0,83,0
4265,18,55,1,1,1,83,0
4649,23,NULL,0,1,0,84,0
4650,10,NULL,0,0,0,84,0
4651,25,NULL,0,0,0,84,0
4652,9,NULL,1,0,0,84,0
4653,20,NULL,1,1,1,84,0
4654,26,NULL,1,1,1,84,0
4655,54,NULL,1,1,1,84,0
4656,30,NULL,1,1,1,84,0
4657,25,NULL,1,1,1,84,0
4658,9,NULL,1,1,1,84,0
4659,28,NULL,0,0,0,84,0
4660,32,NULL,0,0,0,84,0
4661,48,NULL,1,1,1,84,0
4662,20,NULL,0,1,0,84,0
4663,14,NULL,0,0,0,84,0
4664,9,NULL,1,1,1,84,0
4665,48,NULL,0,1,0,84,0
4666,20,NULL,0,0,0,84,0
4667,48,NULL,0,1,0,84,0
4668,30,NULL,0,1,0,84,0
4669,20,NULL,0,0,0,84,0
4670,14,NULL,0,0,0,84,0
4671,32,NULL,1,1,1,84,0
4672,9,NULL,1,1,1,84,0
4673,9,NULL,0,0,0,84,0
4674,20,NULL,0,1,0,84,0
4675,9,NULL,1,1,1,84,0
4676,23,NULL,0,0,0,84,0
4677,26,NULL,0,0,0,84,0
4678,20,NULL,1,1,1,84,0
4679,9,NULL,0,0,0,84,0
4680,20,NULL,0,0,0,84,0
4681,16,NULL,0,0,0,84,0
4682,23,NULL,1,1,1,84,0
4683,9,NULL,0,0,0,84,0
4684,48,NULL,0,0,0,84,0
4685,26,NULL,0,0,0,84,0
4686,26,NULL,0,0,0,84,0
4687,26,NULL,0,0,0,84,0
4688,48,NULL,1,1,1,84,0
4689,9,NULL,0,0,0,84,0
4690,23,NULL,1,1,1,84,0
4691,10,NULL,0,1,0,84,0
4692,25,NULL,1,1,1,84,0
4693,48,NULL,1,1,1,84,0
4717,18,55,0,0,0,86,0
4718,29,55,1,1,1,86,0
4719,24,31,1,1,1,86,0
4720,52,31,1,1,1,86,0
4721,27,31,0,1,0,86,0
4722,29,55,0,1,0,86,0
4723,15,31,0,0,0,86,0
4724,48,8,1,1,1,86,0
4725,9,8,1,1,1,86,0
4726,20,49,0,1,0,86,0
4727,23,49,0,1,0,86,0
4728,35,8,1,1,1,87,0
4729,18,8,0,0,0,87,0
4730,35,8,1,1,1,87,0
4731,15,44,0,0,0,87,0
4732,35,31,0,0,0,87,0
4733,24,44,1,1,1,87,0
4734,15,49,1,1,1,87,0
4735,15,8,0,0,0,87,0
4736,27,31,0,1,0,87,0
4737,12,55,1,1,1,87,0
4738,25,55,1,1,1,87,0
4739,12,31,1,1,1,87,0
4740,20,31,0,1,0,87,0
4741,12,31,1,1,1,87,0
4742,11,55,0,1,0,87,0
4743,14,31,0,1,0,87,0
4744,12,31,0,1,0,87,0
4745,20,55,0,1,0,88,0
4746,14,31,1,1,1,88,0
4747,25,31,1,1,1,88,0
4748,9,31,0,1,0,88,0
4749,20,31,1,0,0,88,0
4750,25,55,0,1,0,88,0
4751,35,31,1,0,0,88,0
4752,15,55,0,0,0,88,0
4753,18,55,0,1,0,88,0
4754,9,49,1,1,1,88,0
4755,22,31,0,1,0,88,0
4756,24,31,1,1,1,88,0
4757,24,31,0,0,0,88,0
4758,27,31,0,1,0,88,0
4759,29,55,1,1,1,88,0
4760,35,55,1,1,1,88,0
4761,15,55,1,0,0,88,0
4762,20,8,0,0,0,88,0
4763,14,8,0,0,0,88,0
4764,26,8,1,1,1,88,0
4765,26,44,0,1,0,88,0
4766,52,49,1,1,1,88,0
4767,18,31,0,0,0,88,0
4768,18,8,1,1,1,88,0
4769,18,8,0,1,0,88,0
4770,15,8,0,1,0,88,0
4771,15,49,1,1,1,88,0
4772,25,31,1,0,0,89,0
4773,9,55,0,0,0,89,0
4774,12,31,0,0,0,89,0
4775,9,55,1,1,1,89,0
4776,25,31,1,1,1,89,0
4777,12,31,1,1,1,89,0
4778,14,55,1,1,1,89,0
4779,12,31,0,1,0,89,0
4780,10,55,0,0,0,89,0
4781,23,31,0,1,0,89,0
4782,26,55,1,1,1,89,0
4783,11,31,1,1,1,89,0
4784,23,55,1,1,1,89,0
4785,20,55,0,0,0,89,0
4786,27,44,1,1,1,89,0
4787,24,44,0,0,0,89,0
4788,29,44,0,0,0,89,0
4789,18,49,1,1,1,89,0
4790,52,49,0,0,0,89,0
4791,29,49,0,1,0,89,0
4792,52,8,0,0,0,89,0
4793,29,8,0,1,0,89,0
4794,15,8,0,1,0,89,0
4795,27,44,1,1,1,89,0
4796,24,44,0,0,0,89,0
4797,24,44,1,1,1,89,0
4798,24,49,1,1,1,89,0
4799,27,49,0,1,0,89,0
4800,20,8,0,1,0,89,0
4801,20,8,0,1,0,89,0
4802,23,44,0,0,0,89,0
4803,20,44,0,0,0,89,0
4804,9,44,0,0,0,89,0
4805,9,44,0,0,0,89,0
4806,48,49,1,1,1,89,0
4807,20,49,1,1,1,89,0
4808,26,44,0,0,0,89,0
4809,14,44,1,1,1,89,0
4810,24,55,0,0,0,89,0
4811,27,55,1,1,1,89,0
4812,24,55,1,1,1,89,0
4813,18,31,0,1,0,89,0
4814,15,31,0,1,0,89,0
4815,52,31,1,1,1,89,0
4816,18,31,0,0,0,89,0
4817,15,55,0,0,0,89,0
4818,52,55,0,1,0,89,0
4819,18,55,0,1,0,89,0
4820,27,55,0,0,0,89,0
4821,29,31,1,1,1,89,0
4822,29,31,1,1,1,89,0
4823,18,31,0,0,0,89,0
4824,4,49,0,0,0,89,0
4825,20,49,1,1,1,89,0
4826,1,8,0,0,0,89,0
4827,24,31,1,1,1,89,0
4828,50,31,1,1,1,89,0
4829,9,8,1,1,1,89,0
4830,18,55,1,1,1,89,0
4831,26,44,1,0,0,89,0
4832,23,44,0,0,0,89,0
4833,52,55,1,1,1,89,0
4834,25,44,0,1,0,89,0
4835,9,49,0,0,0,89,0
4836,9,49,1,1,1,89,0
4837,16,55,1,1,1,89,0
4838,17,49,0,1,0,89,0
4839,23,49,0,0,0,89,0
4840,9,49,0,0,0,89,0
4841,25,8,0,1,0,89,0
4842,23,8,1,1,1,89,0
4843,20,8,0,0,0,89,0
4844,20,55,0,0,0,91,0
4845,52,8,1,1,1,91,0
4846,25,44,0,0,0,91,0
4847,23,55,0,1,0,91,0
4848,23,55,0,0,0,91,0
4849,23,55,0,1,0,91,0
4850,25,55,1,1,1,91,0
4851,24,44,0,1,0,91,0
4852,25,31,1,1,1,91,0
4853,48,31,1,1,1,91,0
4854,23,55,0,0,0,91,0
4855,52,49,0,0,0,91,0
4856,24,49,0,1,0,91,0
4857,20,55,1,1,1,91,0
4858,23,55,1,1,1,91,0
4859,13,8,0,0,0,91,0
4860,26,8,0,0,0,91,0
4861,20,44,0,1,0,91,0
4862,9,8,0,1,0,91,0
4863,24,55,1,1,1,91,0
4864,12,44,1,0,0,91,0
4865,2,44,1,1,1,91,0
4866,24,31,1,0,0,91,0
4867,3,49,0,1,0,91,0
4868,24,31,1,1,1,91,0
4869,25,8,0,1,0,91,0
4870,48,8,0,0,0,91,0
4871,25,8,1,1,1,91,0
4872,20,44,1,1,1,91,0
4873,22,55,1,1,1,92,0
4874,29,55,0,0,0,92,0
4875,24,55,0,0,0,92,0
4876,18,55,1,1,1,92,0
4877,15,55,0,0,0,92,0
4878,20,8,1,1,1,92,0
4879,25,8,1,1,1,92,0
4880,23,8,0,0,0,92,0
4881,10,8,0,0,0,92,0
4882,18,31,0,0,0,92,0
4883,24,31,0,1,0,92,0
4884,20,44,1,1,1,92,0
4885,9,44,0,1,0,92,0
4886,12,44,1,1,1,92,0
4887,25,44,0,0,0,92,0
4888,20,44,0,1,0,92,0
4889,11,44,0,1,0,92,0
4890,18,55,1,1,1,92,0
4891,20,49,1,1,1,92,0
4892,9,49,0,0,0,92,0
4893,22,31,0,1,0,92,0
4894,24,31,1,1,1,92,0
4895,15,31,0,1,0,92,0
4896,29,31,0,0,0,92,0
4897,25,49,0,0,0,92,0
4898,10,49,1,1,1,92,0
4899,23,8,0,0,0,92,0
4900,20,8,0,1,0,92,0
4901,9,8,0,1,0,92,0
4902,20,44,0,1,0,92,0
4903,11,44,1,1,1,92,0
4904,26,49,1,1,1,92,0
4905,15,55,0,1,0,92,0
4906,24,55,0,0,0,92,0
4907,15,55,0,0,0,92,0
4908,18,31,0,1,0,92,0
4909,29,31,0,1,0,92,0
4910,15,55,0,1,0,93,0
4911,24,55,0,0,0,93,0
4912,18,31,0,1,0,93,0
4913,29,55,1,1,1,93,0
4914,24,55,0,0,0,93,0
4915,29,31,0,1,0,93,0
4916,15,31,0,1,0,93,0
4917,18,55,1,1,1,93,0
4918,24,55,0,0,0,93,0
4919,18,55,1,1,1,93,0
4920,11,31,0,1,0,93,0
4921,18,31,0,1,0,93,0
4922,52,55,1,1,1,93,0
4923,18,55,1,1,1,93,0
4924,11,55,0,0,0,93,0
4925,26,44,0,1,0,93,0
4926,23,44,0,0,0,93,0
4927,20,49,0,1,0,93,0
4928,11,8,0,0,0,93,0
4929,20,8,0,0,0,93,0
4930,11,8,1,1,1,93,0
4931,9,8,1,1,1,93,0
4932,25,49,0,0,0,93,0
4933,25,49,1,1,1,93,0
4934,48,49,1,1,1,93,0
4935,27,31,0,0,0,94,0
4936,21,8,0,0,0,94,0
4937,54,8,0,0,0,94,0
4938,25,8,1,1,1,94,0
4939,25,44,0,0,0,94,0
4940,26,44,0,1,0,94,0
4941,56,44,0,1,0,94,0
4942,25,44,1,1,1,94,0
4943,34,31,1,1,1,94,0
4944,18,31,0,0,0,94,0
4945,20,49,0,1,0,94,0
4946,25,49,1,1,1,94,0
4947,20,8,1,1,1,94,0
4948,9,8,1,1,1,94,0
4949,23,8,1,1,1,94,0
4950,9,44,1,1,1,94,0
4951,25,49,1,1,1,94,0
4952,48,49,0,0,0,94,0
4953,25,49,1,1,1,94,0
4954,25,8,1,1,1,94,0
4955,26,44,1,1,1,94,0
4956,14,49,0,0,0,94,0
4957,14,49,1,1,1,94,0
4958,25,8,1,1,1,94,0
4959,26,44,1,1,1,94,0
4960,24,31,1,1,1,94,0
4961,11,49,0,1,0,94,0
4962,34,31,0,1,0,94,0
4963,24,8,0,0,0,95,0
4964,24,8,0,0,0,95,0
4965,11,8,1,1,1,95,0
4966,25,55,0,0,0,95,0
4967,20,55,1,1,1,95,0
4968,9,55,1,1,1,95,0
4969,23,55,0,1,0,95,0
4970,20,55,0,1,0,95,0
4971,10,55,0,1,0,95,0
4972,25,44,0,1,0,95,0
4973,29,44,0,0,0,95,0
4974,11,44,1,1,1,95,0
4975,52,44,0,0,0,95,0
4976,20,31,1,1,1,95,0
4977,9,31,0,1,0,95,0
4978,12,31,1,0,0,95,0
4979,20,31,1,1,1,95,0
4980,29,49,0,0,0,95,0
4981,2,49,1,0,0,95,0
4982,20,55,0,0,0,95,0
4983,35,8,0,0,0,95,0
4984,23,55,1,1,1,95,0
4985,14,31,1,1,1,95,0
4986,35,44,0,1,0,95,0
4987,35,49,0,0,0,95,0
4988,23,55,0,0,0,95,0
4989,11,31,0,0,0,95,0
4990,29,31,1,1,1,95,0
4991,20,8,1,1,1,95,0
4992,24,44,0,1,0,95,0
4993,29,44,1,1,1,95,0
4994,23,49,1,1,1,95,0
4995,26,49,0,0,0,95,0
4996,24,55,0,0,0,95,0
4997,14,31,0,0,0,95,0
4998,25,31,0,0,0,95,0
4999,24,55,1,1,1,96,0
5000,18,31,0,0,0,96,0
5001,9,8,1,1,1,96,0
5002,15,55,1,1,1,96,0
5003,18,55,0,0,0,96,0
5004,24,55,0,1,0,96,0
5005,48,49,1,1,1,97,0
5006,9,8,1,1,1,97,0
5007,26,8,1,0,0,97,0
5008,23,8,1,1,1,97,0
5009,14,8,0,0,0,97,0
5010,48,8,1,1,1,97,0
5011,11,8,0,0,0,97,0
5012,26,44,0,0,0,97,0
5013,9,44,0,0,0,97,0
5014,48,44,1,1,1,97,0
5015,9,49,0,1,0,97,0
5016,48,49,0,0,0,97,0
5017,25,49,1,1,1,97,0
5018,25,8,0,1,0,97,0
5019,48,44,0,1,0,97,0
5020,14,44,0,0,0,97,0
5021,48,49,0,0,0,97,0
5022,26,44,0,1,0,98,0
5023,25,44,1,1,1,98,0
5024,26,49,0,0,0,98,0
5025,9,49,1,1,1,98,0
5026,9,31,1,0,0,98,0
5027,12,49,0,0,0,98,0
5028,14,49,1,1,1,98,0
5029,26,8,0,1,0,98,0
5030,9,8,1,1,1,98,0
5031,48,8,1,1,1,98,0
5032,25,44,1,1,1,98,0
5033,39,44,0,1,0,98,0
5034,15,31,1,1,1,98,0
5035,12,49,1,1,1,98,0
5036,29,55,1,1,1,98,0
5037,25,49,1,1,1,98,0
5038,9,49,0,1,0,98,0
5039,11,31,1,1,1,98,0
5040,17,55,0,0,0,98,0
5041,27,31,0,1,0,99,0
5042,15,31,0,0,0,99,0
5043,14,55,1,1,1,99,0
5044,24,55,0,1,0,99,0
5045,12,8,1,1,1,99,0
5046,48,8,0,1,0,99,0
5047,48,44,0,1,0,99,0
5048,23,49,0,1,0,99,0
5049,48,49,1,1,1,99,0
5050,23,49,1,1,1,99,0
5051,48,49,0,0,0,99,0
5052,48,49,1,1,1,99,0
5053,29,8,0,0,0,99,0
5054,26,8,0,0,0,99,0
5055,12,8,0,0,0,99,0
5056,25,44,0,0,0,99,0
5057,25,44,1,1,1,99,0
5058,26,44,0,1,0,99,0
5059,9,44,1,1,1,99,0
5060,26,49,0,1,0,99,0
5061,23,49,0,1,0,99,0
5062,23,49,0,1,0,99,0
5063,48,8,1,1,1,99,0
5064,26,8,1,1,1,99,0
5065,14,8,0,0,0,99,0
5066,9,44,1,1,1,99,0
5067,25,44,0,1,0,99,0
5068,9,44,1,1,1,99,0
5069,12,44,1,1,1,99,0
5070,48,44,0,1,0,99,0
5071,25,49,0,0,0,100,0
5072,23,49,1,0,0,100,0
5073,24,55,0,0,0,100,1
5074,52,55,1,1,1,100,0
5075,25,31,1,1,1,100,0
5076,29,8,0,1,0,100,0
5077,29,8,0,1,0,100,0
5078,29,55,0,0,0,100,0
5079,27,55,0,0,0,100,0
5080,27,31,0,1,0,100,0
5081,15,55,0,0,0,100,0
5082,23,8,0,0,0,100,0
5083,26,8,0,0,0,100,0
5084,26,8,1,1,1,100,0
5085,25,8,0,1,0,100,0
5086,23,44,1,1,1,100,0
5087,48,44,0,1,0,100,0
5088,23,49,1,1,1,100,0
5089,9,49,1,1,1,100,0
5090,48,49,1,1,1,100,0
5091,12,49,1,1,1,100,0
5092,26,8,1,1,1,100,0
5093,25,49,0,0,0,100,0
5188,9,NULL,1,1,1,105,0
5190,10,NULL,1,0,0,105,0
5192,9,NULL,1,1,1,105,0
5193,48,NULL,0,0,0,105,0
5194,26,NULL,0,0,0,105,0
5195,9,NULL,1,1,1,106,0
5196,10,NULL,1,0,0,106,0
5197,9,NULL,1,1,1,106,0
5198,48,NULL,0,0,0,106,0
5199,26,NULL,0,0,0,106,0
5200,23,NULL,0,0,0,106,0
5201,23,NULL,1,1,1,106,0
5202,2,NULL,0,1,0,106,0
5203,25,NULL,0,0,0,106,0
5204,25,NULL,1,1,1,106,0
5205,13,NULL,0,1,0,106,0
5206,54,NULL,1,1,1,106,0
5207,54,NULL,0,1,0,106,0
5208,26,NULL,1,1,1,106,0
5209,23,NULL,0,0,0,106,0
5210,20,NULL,0,0,0,106,0
5211,10,NULL,1,1,1,106,0
5212,25,NULL,0,0,0,106,0
5213,9,NULL,0,0,0,106,0
5214,26,NULL,0,0,0,106,0
5215,20,NULL,0,1,0,106,0
5216,25,NULL,0,1,0,106,0
5217,20,NULL,0,1,0,106,0
5218,20,NULL,0,1,0,106,0
5219,10,NULL,1,1,1,106,0
5220,13,NULL,1,1,1,106,0
5221,48,NULL,1,1,1,106,0
5222,48,NULL,0,0,0,106,0
5223,9,NULL,0,0,0,106,0
5224,54,NULL,1,1,1,106,0
5225,25,NULL,1,1,1,106,0
5226,48,NULL,1,1,1,106,0
5227,12,NULL,1,0,0,106,0
5228,23,NULL,1,1,1,106,0
5229,42,NULL,0,1,0,106,0
5230,12,NULL,0,1,0,106,0
5231,20,NULL,0,0,0,106,0
5232,20,NULL,1,1,1,106,0
5233,25,NULL,1,1,1,106,0
5234,20,NULL,0,0,0,106,0
5235,48,NULL,0,0,0,106,0
5236,20,NULL,0,0,0,106,1
5237,23,NULL,1,1,1,106,0
5238,25,NULL,0,0,0,106,1
5239,29,NULL,1,1,1,106,0
5240,11,NULL,0,1,0,106,0
5241,29,NULL,0,0,0,106,0
5242,13,NULL,1,1,1,107,0
5243,25,NULL,1,1,1,107,0
5244,20,NULL,0,1,0,107,0
5245,36,NULL,0,0,0,107,0
5246,9,NULL,0,0,0,107,0
5247,48,NULL,0,0,0,107,0
5248,14,NULL,1,1,1,107,0
5249,4,NULL,1,0,0,107,0
5250,23,NULL,0,0,0,107,0
5251,9,NULL,0,1,0,107,0
5252,9,NULL,1,1,1,107,0
5253,10,NULL,0,0,0,107,0
5254,9,NULL,0,0,0,107,0
5255,48,NULL,1,1,1,107,0
5256,9,NULL,0,1,0,107,0
5257,26,NULL,0,1,0,107,0
5258,20,NULL,0,1,0,107,0
5259,48,NULL,1,1,1,107,0
5260,54,NULL,1,0,0,107,0
5261,26,NULL,0,0,0,107,0
5262,20,NULL,1,1,1,107,0
5263,23,NULL,0,1,0,107,0
